Nombre,Edad,Numero de cuenta,Sexo,Fecha de nacimiento
Mrs. Melissa Russell,26,27957,Masculino,1968-02-08
Nicole Kim,45,46304,Femenino,1983-08-23
Jon Mitchell,54,79246,Femenino,1984-02-25
Tammy Rivera,59,12714,Femenino,1969-04-23
Tiffany Mcdonald,56,34694,Femenino,1963-02-24
Abigail Estes DVM,55,87121,Masculino,1971-09-29
Charles Cook,28,77042,Femenino,1990-06-23
Bethany Walker,24,48353,Masculino,1974-07-28
Emily Costa,44,30989,Femenino,1992-05-11
Allen Matthews,57,71935,Femenino,1989-02-12
Taylor Barker,35,79352,Masculino,1976-02-03
Karen Bates,39,55842,Femenino,1993-06-04
Omar Jimenez,25,99814,Femenino,1973-06-27
Jacob Murphy PhD,38,61293,Masculino,1995-08-24
Jessica Rice,50,22170,Masculino,1993-07-29
James Turner,18,23142,Femenino,1980-06-07
Wayne Marshall,63,14331,Masculino,1985-11-08
Kimberly Shaffer,26,14446,Femenino,1990-05-11
Breanna Chambers,19,82331,Femenino,1982-10-08
Alison Garcia,29,67404,Femenino,1960-11-25
Michael Marquez,49,94990,Masculino,1995-05-30
Timothy Frey,64,70322,Masculino,1972-10-28
Susan Harrell,31,72801,Femenino,1992-06-26
Roy Kaufman,31,77998,Masculino,2004-05-30
Marcus Cordova,19,33441,Femenino,1996-07-16
Victoria Johnson,35,24616,Masculino,1961-05-12
Jacob Arroyo,34,52879,Masculino,1970-12-17
Eric Harris,65,14074,Masculino,1970-07-05
Daniel Meyer,22,28828,Femenino,1975-06-24
Larry Kennedy,37,73198,Masculino,1997-02-13
Dominique Gordon,25,22743,Femenino,2001-12-26
Mark Davenport,52,10812,Femenino,2004-08-30
Mark Haas,43,24399,Femenino,2002-04-15
Alexander Mathis,65,16135,Femenino,1958-11-20
Kelly Reyes,48,45905,Masculino,1976-04-25
Erin Turner,20,71874,Femenino,1999-05-13
Eric Williamson,27,86306,Femenino,1987-10-13
Angel Rogers,23,88480,Femenino,2003-12-15
Joseph Baird,38,70554,Masculino,1974-01-25
Faith Thompson,65,55110,Femenino,1986-05-08
Lori Brooks,24,16983,Masculino,1979-04-27
Kathleen Woodard,32,82573,Femenino,2001-11-22
Kyle Howard,37,57691,Femenino,1964-09-23
Kevin Morgan,60,84987,Masculino,1977-11-27
Terry Valdez,37,38767,Femenino,1995-06-18
Nicholas Anderson,53,17798,Masculino,1976-09-08
Marcus Maddox,54,79829,Masculino,1975-03-24
Sean Barrett,18,55383,Femenino,1983-08-21
Cynthia Houston,21,36711,Femenino,1964-02-03
Christopher Winters,27,56749,Masculino,1974-04-12
John Hooper,51,80063,Femenino,1963-08-16
Donald Miles,45,88145,Masculino,1981-01-18
Ryan Pitts,20,39355,Femenino,1988-03-28
Stacy Jones,42,45244,Masculino,1985-11-16
Denise Wolf,60,66502,Masculino,1989-11-01
Thomas Cardenas,63,71802,Masculino,1986-07-25
Jonathan Sims,22,80477,Masculino,1983-11-11
Jeanette Hogan,61,91694,Masculino,1963-09-03
Lori Hernandez,58,58669,Masculino,1962-03-06
Lori Church,63,87077,Masculino,1997-03-28
Nathan Duran,35,95288,Femenino,1995-02-10
Susan Bailey,48,79530,Femenino,1992-06-13
Sheila Long,32,31568,Masculino,1993-10-21
Toni Garcia,58,85018,Femenino,2003-09-26
Ian Colon,50,47197,Femenino,1962-12-07
Jerry Brown,20,27497,Masculino,1991-05-04
Joseph Johnson,26,75207,Masculino,1969-11-24
Alexander Adams,50,80945,Masculino,1982-09-18
Becky Gonzalez,36,87434,Femenino,1962-08-07
Emily Kim,43,43677,Femenino,1997-06-21
Maria Hawkins,50,15103,Femenino,1969-01-22
Anthony Bernard,45,66615,Masculino,2000-01-08
Melissa Mcguire,54,20170,Masculino,2004-03-02
Edward Grant,47,34798,Masculino,1963-08-24
Scott Schaefer,23,41585,Femenino,1995-04-08
Brian Mclaughlin,49,32170,Masculino,1987-06-19
Paul Lindsey,20,99291,Masculino,1993-07-09
Kimberly Cox,47,95277,Masculino,1999-05-04
Kelly Parks,52,38325,Masculino,1963-12-11
Ashley Abbott,47,22496,Masculino,1985-05-27
Laurie Fernandez,30,21484,Femenino,1997-09-05
Alexander Pierce,64,83374,Masculino,1983-03-22
Mark Smith,65,92891,Masculino,1973-08-30
Anthony Cook,19,71696,Femenino,1984-08-26
Suzanne Sanchez,39,64418,Femenino,1971-11-17
Caroline Barton,59,39510,Masculino,1988-12-03
James Kelly,44,82145,Masculino,2001-05-06
Benjamin Murray,26,14078,Masculino,1993-12-26
Catherine Lucas,30,13038,Femenino,1960-01-08
Carlos Brown,38,18873,Femenino,1998-10-03
Joseph Guerrero,30,17769,Femenino,1982-09-27
Brandy Everett,60,67842,Masculino,1969-02-16
Dylan Warren,62,27284,Femenino,1993-12-23
William Porter,38,74064,Femenino,1975-09-15
Clifford Butler,27,65963,Femenino,1975-05-17
John Jones,45,66051,Masculino,2000-08-15
Norma Meyer,18,58423,Femenino,1971-08-08
Brandi Collins,47,12384,Masculino,1990-11-15
Patricia Lewis,35,12822,Femenino,1975-01-21
Kara Owens,25,73611,Masculino,1964-01-17
Manuel Stokes,42,71824,Masculino,1991-02-25
Yvonne Brown,19,69385,Masculino,1968-04-03
Amber Rogers,58,17474,Femenino,1997-01-29
Johnny Ray,60,52689,Femenino,1981-08-12
Paul Dixon,38,34785,Masculino,1959-05-26
Alexis Scott,49,23481,Masculino,1959-03-25
Frederick Farmer,55,35262,Femenino,1999-05-19
Jeremy Peters,61,80761,Masculino,1981-05-15
Sara Gibson,65,78987,Masculino,1994-01-06
Brett Warren,60,36217,Masculino,1975-07-10
Clayton Stanley,42,48400,Masculino,1969-06-02
Robert Dean,44,21637,Masculino,1983-11-07
Stephen Dawson,47,23292,Femenino,1987-11-24
Jason May,31,66714,Masculino,1962-04-23
Ms. Cynthia Williams,45,88069,Femenino,1979-05-09
John Mckinney,39,83053,Femenino,1975-12-13
Nicole Turner MD,48,67847,Masculino,1996-11-28
Rebecca Gutierrez,26,78262,Masculino,1973-02-02
Andrew Hester,53,45310,Masculino,1960-01-02
Heidi Smith,63,56327,Femenino,1991-03-13
Anthony Perry,60,34451,Masculino,1971-10-05
Kathleen Jones,45,92933,Femenino,2003-03-19
Harold Mcconnell,26,33769,Masculino,2000-05-10
Kaylee Green,61,67846,Masculino,1960-11-14
Brent Navarro,20,90879,Femenino,1989-05-21
Shawn Miller,41,97006,Femenino,1975-08-23
Emily Hampton,26,69740,Masculino,1992-04-03
Jonathan Marshall,63,51370,Femenino,1962-10-25
Mary Moore,24,67598,Femenino,1971-05-27
Adam Delacruz,54,60919,Masculino,1980-11-30
David Martin,57,42364,Masculino,1969-05-27
Mr. Michael Mcgee V,48,33811,Femenino,1967-09-11
Michael Galvan DVM,30,27911,Masculino,1980-07-27
Brittany Phillips,39,28343,Femenino,1964-11-27
Sherri Ramirez,22,24110,Masculino,1977-09-24
Raymond Johnson,36,69498,Masculino,1959-11-12
Dr. Marco Keith,50,17468,Femenino,1978-08-21
Jennifer Johnson,64,81856,Femenino,2004-09-12
Anthony Jones,36,12592,Femenino,1980-02-02
Linda Page,43,93209,Femenino,1961-10-09
Nicholas Ferguson,65,57253,Femenino,1959-06-28
Tyler Clark,18,32760,Femenino,1993-03-29
Gary Tapia,30,65584,Femenino,2003-03-30
Cody Lewis,52,89221,Masculino,1985-10-18
Sonya Kelly,47,44974,Femenino,1963-12-22
Cory Morris,50,39201,Masculino,1968-02-01
Laura Glover,39,75278,Masculino,1969-04-20
Christopher Fuller,22,90331,Masculino,1969-01-15
Valerie Rosario,35,85915,Femenino,2004-11-21
Joseph Crane,46,56822,Femenino,1993-05-25
James Wiley,44,77548,Femenino,1961-03-04
Emily Jones,24,29438,Masculino,1990-10-15
James Spence,42,61247,Masculino,1986-11-12
Erin Herrera,31,38908,Masculino,1986-01-10
Andrew Hughes,44,13126,Femenino,1977-02-02
Brian Jenkins,21,16124,Femenino,1986-12-29
Rebecca Morales,52,61938,Femenino,1960-06-16
Jaime Kaufman,22,29788,Masculino,1962-12-18
Jennifer King,18,32742,Masculino,2004-08-03
Keith Nichols,50,16939,Masculino,1994-07-03
Joshua Hardy,42,15822,Femenino,1981-04-26
Mike Pitts,40,39579,Masculino,1996-08-19
Kayla Johnson,42,78149,Masculino,1998-05-31
Edward Jacobs,29,32232,Masculino,1959-03-27
Derrick Holt,60,99706,Masculino,1968-04-27
Robin Avery,38,57962,Femenino,1990-04-08
Ryan Lane,40,73849,Masculino,2001-02-24
Stephanie Newton,54,36147,Femenino,1959-10-23
Michael Warner,18,54292,Femenino,1984-09-05
Ronald Tucker,38,46345,Masculino,1973-10-28
Alejandro Flores,32,83727,Masculino,2000-02-07
Jennifer Bryant,32,51224,Femenino,1961-03-21
Mary Dougherty,30,10539,Masculino,1961-09-06
Jennifer Reyes,52,25957,Masculino,1976-04-18
Jon Martin,61,37222,Masculino,1959-12-26
Angela Martin DDS,26,53664,Masculino,1971-04-14
Heather Salas,51,96700,Masculino,1996-02-09
Lindsey Garcia,28,88243,Masculino,1994-12-04
Amy Hebert,56,15832,Masculino,1970-10-29
Javier Strickland,65,32494,Masculino,1961-06-24
Tara Jackson,23,54788,Femenino,1990-12-14
Jon Hunter,59,86345,Femenino,1997-01-06
Peter Scott,25,72726,Masculino,1988-06-07
Michelle Smith,32,57831,Femenino,1974-07-29
Angela Moyer,37,25943,Femenino,1974-03-11
Anna Perry,63,60774,Masculino,1984-08-27
Carlos Keller,42,83177,Femenino,1979-01-19
Gina Brown,59,65944,Masculino,1994-02-27
Eric Keith,44,10407,Masculino,1987-01-12
Edward Wilson,40,93485,Femenino,2000-10-18
Dennis Kelley,47,77557,Femenino,1996-11-27
Christopher Richmond,54,35696,Masculino,1992-08-02
Rachel Vincent,41,51803,Femenino,1983-06-26
Jason Williams,40,42319,Femenino,1986-01-24
Phillip Davis,37,54710,Masculino,1971-04-14
Pamela Guzman,27,25315,Masculino,1994-05-22
Matthew Santana,47,19980,Masculino,1975-10-19
Robert Phillips,23,63074,Masculino,1990-11-14
Christopher Wilson,54,88694,Femenino,1987-04-10
Megan Garrett,61,74652,Femenino,1979-08-27
Ivan Casas, 20, 31923, Masculino, 2002-06-25
Karla Chavez, 19, 31932,Femenino, 2003-06-24

